Date,Name,Year,Letterboxd URI,Rating
2022-01-12,Come and See,1985,https://boxd.it/1w9q,5
2022-01-12,Spider-Man: Into the Spider-Verse,2018,https://boxd.it/azpY,5
2022-01-12,Spider-Man: Homecoming,2017,https://boxd.it/aboM,2.5
2022-01-12,Spider-Man 3,2007,https://boxd.it/2a7Y,3.5
2022-01-12,The Amazing Spider-Man 2,2014,https://boxd.it/3utM,2.5
2022-01-12,Spider-Man,2002,https://boxd.it/2a8i,4
2022-01-12,Hamilton,2020,https://boxd.it/kmvE,4
2022-01-12,The Silence of the Lambs,1991,https://boxd.it/2aHW,5
2022-01-12,Red Dragon,2002,https://boxd.it/1Yrs,3.5
2022-01-12,American Psycho,2000,https://boxd.it/28Vs,4
2022-01-12,Captain America: The Winter Soldier,2014,https://boxd.it/3r58,3
2022-01-12,Captain America: Civil War,2016,https://boxd.it/89Ja,3
2022-01-12,Captain America: The First Avenger,2011,https://boxd.it/28b0,2.5
2022-01-12,Iron Man 2,2010,https://boxd.it/1WZM,2
2022-01-12,Avengers: Age of Ultron,2015,https://boxd.it/3qi6,1.5
2022-01-12,Iron Man 3,2013,https://boxd.it/2cBQ,2.5
2022-01-13,Inception,2010,https://boxd.it/1skk,5
2022-01-13,V for Vendetta,2005,https://boxd.it/29Ik,3.5
2022-01-13,Spirited Away,2001,https://boxd.it/2b4m,5
2022-01-13,Django Unchained,2012,https://boxd.it/2cCk,4.5
2022-01-13,Shutter Island,2010,https://boxd.it/1U82,5
2022-01-13,The Lord of the Rings: The Fellowship of the Ring,2001,https://boxd.it/2b5O,5
2022-01-13,The Lord of the Rings: The Return of the King,2003,https://boxd.it/2b5u,5
2022-01-13,The Lord of the Rings: The Two Towers,2002,https://boxd.it/2b5E,5
2022-01-13,Parasite,2019,https://boxd.it/hTha,5
2022-01-13,The Phantom of the Opera,2004,https://boxd.it/1XHu,3
2022-01-13,Scarface,1983,https://boxd.it/2b7g,4
2022-01-13,Uncut Gems,2019,https://boxd.it/gXGc,4
2022-01-13,Borat Subsequent Moviefilm,2020,https://boxd.it/rNS0,3
2022-01-13,Wreck-It Ralph,2012,https://boxd.it/2TTS,3
2022-01-13,Brave,2012,https://boxd.it/bVG,2
2022-01-13,Rango,2011,https://boxd.it/QPk,4.5
2022-01-13,The Lorax,2012,https://boxd.it/2w9M,3.5
2022-01-13,How to Train Your Dragon,2010,https://boxd.it/1WRy,3
2022-01-13,Up,2009,https://boxd.it/1OEc,4
2022-01-13,Happy Feet,2006,https://boxd.it/1XH0,2.5
2022-01-13,Perfect Blue,1997,https://boxd.it/1W7A,5
2022-01-13,Princess Mononoke,1997,https://boxd.it/2b4w,5
2022-01-13,American History X,1998,https://boxd.it/2bdo,4
2022-01-13,Ghost in the Shell,1995,https://boxd.it/1YYc,4.5
2022-01-13,Home Alone,1990,https://boxd.it/29Fg,2.5
2022-01-13,My Neighbor Totoro,1988,https://boxd.it/20eA,4
2022-01-13,Kung Fu Panda,2008,https://boxd.it/1Yws,4
2022-01-13,WALL·E,2008,https://boxd.it/1VEo,4.5
2022-01-13,Spy Kids,2001,https://boxd.it/1Xcw,4
2022-01-13,Spy Kids 2: The Island of Lost Dreams,2002,https://boxd.it/1Yyo,4
2022-01-13,Spy Kids 3-D: Game Over,2003,https://boxd.it/1S7w,3
2022-01-13,Spy Kids: All the Time in the World,2011,https://boxd.it/ptm,0.5
2022-01-13,Bee Movie,2007,https://boxd.it/22Vw,1
2022-01-13,Ice Age: The Meltdown,2006,https://boxd.it/2wRk,3
2022-01-13,Ice Age: Dawn of the Dinosaurs,2009,https://boxd.it/20iC,2
2022-01-13,Ice Age: Continental Drift,2012,https://boxd.it/lQ2,2
2022-01-13,Madagascar: Escape 2 Africa,2008,https://boxd.it/1W2K,2.5
2022-01-13,Madagascar 3: Europe's Most Wanted,2012,https://boxd.it/2NF6,3
2022-01-13,"Monsters, Inc.",2001,https://boxd.it/2a46,4
2022-01-13,Monsters University,2013,https://boxd.it/bQm,3
2022-01-13,The Evil Dead,1981,https://boxd.it/29Go,1
2022-01-13,Evil Dead II,1987,https://boxd.it/29Ge,3.5
2022-01-13,Army of Darkness,1992,https://boxd.it/29G4,2.5
2022-01-15,Your Name.,2016,https://boxd.it/cUqs,4
2022-01-15,I Want to Eat Your Pancreas,2018,https://boxd.it/ie6C,2
2022-01-15,It Chapter Two,2019,https://boxd.it/h10u,1.5
2022-01-17,John Wick: Chapter 2,2017,https://boxd.it/ayGu,3
2022-01-17,The Falcon and the Winter Soldier,2021,https://boxd.it/sbH6,3
2022-01-17,The Devil's Advocate,1997,https://boxd.it/286k,4.5
2022-01-17,The Croods,2013,https://boxd.it/FRE,1
2022-01-17,Monty Python and the Holy Grail,1975,https://boxd.it/29GI,5
2022-01-17,Cowboy Bebop,1998,https://boxd.it/ptES,4.5
2022-01-17,Monster,2004,https://boxd.it/py6Q,4
2022-01-17,No Half Measures: Creating the Final Season of Breaking Bad,2013,https://boxd.it/72Yg,4
2022-01-17,Shrek the Third,2007,https://boxd.it/29yY,2
2022-01-17,Shrek 2,2004,https://boxd.it/29z8,3
2022-01-17,Stuart Little,1999,https://boxd.it/1WZW,2
2022-01-17,The Nightmare Before Christmas,1993,https://boxd.it/1YzQ,3.5
2022-01-17,Shrek,2001,https://boxd.it/29zi,4
2022-01-17,Shrek Forever After,2010,https://boxd.it/1WRo,2
2022-01-17,Squid Game,2021,https://boxd.it/x1OG,3
2022-01-17,Vinland Saga,2019,https://boxd.it/qdwU,4.5
2022-01-17,How to Train Your Dragon: The Hidden World,2019,https://boxd.it/5a9w,2.5
2022-01-17,Ready Player One,2018,https://boxd.it/aZes,2
2022-01-17,Frozen,2013,https://boxd.it/3GNa,2
2022-01-17,Stuart Little 2,2002,https://boxd.it/1UTW,1
2022-01-17,Akira,1988,https://boxd.it/2b1i,4
2022-01-17,Despicable Me 2,2013,https://boxd.it/3gg0,2
2022-01-17,Thor: The Dark World,2013,https://boxd.it/2DqA,1
2022-01-17,Alvin and the Chipmunks,2007,https://boxd.it/21E0,1
2022-01-17,Zack Snyder's Justice League,2021,https://boxd.it/tLOk,3.5
2022-01-17,Taxi Driver,1976,https://boxd.it/2b8y,5
2022-01-17,The Incredibles,2004,https://boxd.it/1XLm,3.5
2022-01-17,Incredibles 2,2018,https://boxd.it/7IPg,3
2022-01-17,Pi,1998,https://boxd.it/2ajq,3
2022-01-17,Pirates of the Caribbean: The Curse of the Black Pearl,2003,https://boxd.it/70G,4.5
2022-01-17,Pirates of the Caribbean: Dead Man's Chest,2006,https://boxd.it/2bfk,4
2022-01-17,Pirates of the Caribbean: At World's End,2007,https://boxd.it/2aGu,3
2022-01-17,Pirates of the Caribbean: Dead Men Tell No Tales,2017,https://boxd.it/5a9m,2.5
2022-01-17,Pirates of the Caribbean: On Stranger Tides,2011,https://boxd.it/27Z4,2.5
2022-01-19,Train to Busan,2016,https://boxd.it/dSQU,4.5
2022-01-22,Fight Club,1999,https://boxd.it/2a9q,5
2022-01-22,Zodiac,2007,https://boxd.it/27MO,3
2022-01-23,The Matrix,1999,https://boxd.it/2a1m,3.5
2022-01-23,The Matrix Reloaded,2003,https://boxd.it/2a1c,2
2022-01-23,The Matrix Revolutions,2003,https://boxd.it/2a12,2.5
2022-06-12,Eternal Sunshine of the Spotless Mind,2004,https://boxd.it/6YK,5
2022-06-12,Raising Victor Vargas,2002,https://boxd.it/1vM2,4
2022-06-12,A Streetcar Named Desire,1951,https://boxd.it/29Mc,4
2022-06-12,The Batman,2022,https://boxd.it/eDGs,5
2022-06-12,Spider-Man: Far From Home,2019,https://boxd.it/fegG,3
2022-06-12,It,2017,https://boxd.it/bC8e,2.5
2022-06-12,Guardians of the Galaxy Vol. 2,2017,https://boxd.it/8MxC,3
2022-06-12,Doctor Strange,2016,https://boxd.it/8MH8,3
2022-06-12,Batman Begins,2005,https://boxd.it/2aIg,4
2022-06-12,The Avengers,2012,https://boxd.it/1xFW,3
2022-06-12,Guardians of the Galaxy,2014,https://boxd.it/3VH2,3
2022-06-12,Avengers: Endgame,2019,https://boxd.it/9vE4,3
2022-06-12,Iron Man,2008,https://boxd.it/28dA,3
2022-06-12,Spider-Man: No Way Home,2021,https://boxd.it/nwRw,3
2022-06-12,The Incredible Hulk,2008,https://boxd.it/28dU,2.5
2022-06-15,Joker,2019,https://boxd.it/h4cS,3
2022-06-15,WandaVision,2021,https://boxd.it/sbGW,2.5
2022-08-05,Knives Out,2019,https://boxd.it/jWEA,5
2022-08-05,A Quiet Place,2018,https://boxd.it/fVJQ,3
2022-08-05,The Social Network,2010,https://boxd.it/17ue,3.5
2022-08-05,Doctor Strange in the Multiverse of Madness,2022,https://boxd.it/gaTc,2
2022-08-05,Paprika,2006,https://boxd.it/23wW,5
2022-08-05,Millennium Actress,2001,https://boxd.it/1fK0,4.5
2022-08-06,The Hateful Eight,2015,https://boxd.it/8gw8,5
2022-08-06,The Grand Budapest Hotel,2014,https://boxd.it/3ZqO,5
2022-08-06,Everything Everywhere All at Once,2022,https://boxd.it/jUk4,5
2022-08-06,Jason Bourne,2016,https://boxd.it/ayYy,3
2022-08-06,The Bourne Supremacy,2004,https://boxd.it/26EE,2
2022-08-06,The Bourne Ultimatum,2007,https://boxd.it/26Eu,2
2022-08-06,Catch Me If You Can,2002,https://boxd.it/29VS,3.5
2022-08-06,The Platform,2019,https://boxd.it/mUm6,3
2022-08-06,Gone Girl,2014,https://boxd.it/6hQu,5
2022-08-06,Toy Story,1995,https://boxd.it/29qA,3
2022-08-06,Toy Story 2,1999,https://boxd.it/29qq,2
2022-08-06,Toy Story 3,2010,https://boxd.it/1WRe,3
2022-08-06,Cars,2006,https://boxd.it/29ho,3.5
2022-08-06,28 Days Later,2002,https://boxd.it/2aXU,4
2022-08-06,The Terminator,1984,https://boxd.it/2aQY,3
2022-08-06,Tropic Thunder,2008,https://boxd.it/20WM,5
2022-08-06,Groundhog Day,1993,https://boxd.it/2b3e,3
2022-08-06,Rise of the Planet of the Apes,2011,https://boxd.it/cS4,1.5
2022-08-10,Abraham Lincoln: Vampire Hunter,2012,https://boxd.it/2oG4,3
2022-08-10,Whiplash,2014,https://boxd.it/7bQA,5
2022-08-15,The Hobbit: An Unexpected Journey,2012,https://boxd.it/GZk,4.5
2022-08-15,The Hobbit: The Desolation of Smaug,2013,https://boxd.it/nmS,4.5
2022-08-15,The Hobbit: The Battle of the Five Armies,2014,https://boxd.it/43aU,4.5
2022-08-26,Pulp Fiction,1994,https://boxd.it/29Pq,4.5
2022-08-27,Death Proof,2007,https://boxd.it/27GG,5
2022-08-27,Planet Terror,2007,https://boxd.it/27Gw,3
2022-08-27,Encanto,2021,https://boxd.it/kPRu,3
2022-08-27,Moana,2016,https://boxd.it/8tfY,4
2022-08-27,Big Hero 6,2014,https://boxd.it/5rje,2.5
2022-08-27,Hotel Transylvania,2012,https://boxd.it/2DF6,3
2022-08-27,Phineas and Ferb The Movie: Across the 2nd Dimension,2011,https://boxd.it/2ql8,3
2022-08-27,Cloudy with a Chance of Meatballs,2009,https://boxd.it/1A40,2.5
2022-08-27,Scary Movie,2000,https://boxd.it/24CG,2.5
2022-08-27,Spider-Man 2,2004,https://boxd.it/2a88,4
2022-08-27,The Bourne Identity,2002,https://boxd.it/26EO,2
2022-08-27,The Bourne Legacy,2012,https://boxd.it/H16,2
2022-08-27,Despicable Me,2010,https://boxd.it/1DD8,3.5
2022-08-27,Moon Knight,2022,https://boxd.it/zeDq,2
2022-08-27,How to Train Your Dragon 2,2014,https://boxd.it/2TRW,2
2022-08-27,The Lego Movie,2014,https://boxd.it/4pDO,3
2022-08-27,Cars 2,2011,https://boxd.it/H4Y,2.5
2022-08-27,Se7en,1995,https://boxd.it/29zs,3.5
2022-08-27,Star Wars,1977,https://boxd.it/72s,3.5
2022-08-27,Fallen Angels,1995,https://boxd.it/1UkW,3.5
2022-08-27,Life of Brian,1979,https://boxd.it/2a4q,3.5
2022-08-27,Die Hard,1988,https://boxd.it/2a7u,2.5
2022-08-27,Friday After Next,2002,https://boxd.it/1Wie,2.5
2022-09-05,Nerve,2016,https://boxd.it/aJIc,2.5
2022-09-12,10 Things I Hate About You,1999,https://boxd.it/23AO,4.5
2022-10-09,Coraline,2009,https://boxd.it/1NhQ,4.5
2022-11-06,Hercules,1997,https://boxd.it/1SDW,3
2022-11-07,The Emperor's New Groove,2000,https://boxd.it/1Tey,3.5
2022-12-30,Ikiru,1952,https://boxd.it/251c,5
2022-12-31,Glass Onion,2022,https://boxd.it/oCkK,4
2023-01-26,Sorry to Bother You,2018,https://boxd.it/f21E,4
2023-01-29,Pitch Perfect 2,2015,https://boxd.it/7tNa,3
2023-01-29,Howl's Moving Castle,2004,https://boxd.it/23De,5
2023-01-29,The Departed,2006,https://boxd.it/28MA,5
2023-02-04,The Breakfast Club,1985,https://boxd.it/27q4,5
2023-02-06,Top Gun: Maverick,2022,https://boxd.it/cjr4,3.5
2023-02-06,Top Gun,1986,https://boxd.it/29JC,3
2023-02-22,Inside Out,2015,https://boxd.it/4KHC,4
2023-03-17,"Night Is Short, Walk On Girl",2017,https://boxd.it/ffwA,5
2023-03-20,Nope,2022,https://boxd.it/sDCe,3.5
2023-03-20,Loki,2021,https://boxd.it/sbHg,2.5
2023-03-20,El Camino: A Breaking Bad Movie,2019,https://boxd.it/kv0q,3.5
2023-03-20,Avengers: Infinity War,2018,https://boxd.it/9vEe,4
2023-03-21,The Truman Show,1998,https://boxd.it/18U8,5
2023-03-21,The Shining,1980,https://boxd.it/29Nu,2
2023-03-22,The Hunger Games,2012,https://boxd.it/2uds,4
2023-03-27,The Hunger Games: Catching Fire,2013,https://boxd.it/3sAw,5
2023-03-27,The Hunger Games: Mockingjay – Part 1,2014,https://boxd.it/4hka,3.5
2023-03-27,John Wick: Chapter 4,2023,https://boxd.it/mh48,4
2023-03-27,John Wick: Chapter 3 – Parabellum,2019,https://boxd.it/gmFw,2.5
2023-04-07,Dungeons & Dragons: Honor Among Thieves,2023,https://boxd.it/hN1A,4
2023-04-08,(500) Days of Summer,2009,https://boxd.it/1EmM,5
2023-04-19,Cocaine Bear,2023,https://boxd.it/ugw2,2
2023-05-09,Catherine Called Birdy,2022,https://boxd.it/tUS6,4
2023-05-13,The Prestige,2006,https://boxd.it/293w,5
2023-05-15,La La Land,2016,https://boxd.it/a5fa,5
2023-05-15,The Suicide Squad,2021,https://boxd.it/fw6O,3.5
2023-05-16,Scott Pilgrim vs. the World,2010,https://boxd.it/1Aq6,4
2023-05-16,Ice Age,2002,https://boxd.it/2apS,3.5
2023-05-30,Memento,2000,https://boxd.it/2bcK,5
2023-06-03,Thor,2011,https://boxd.it/1WQU,2.5
2023-06-10,X-Men: Days of Future Past,2014,https://boxd.it/4aRw,4
2023-06-10,X-Men,2000,https://boxd.it/1a7s,3
2023-06-10,Don't Look Up,2021,https://boxd.it/o0Hc,3.5
2023-06-10,A Clockwork Orange,1971,https://boxd.it/2aVE,1.5
2023-06-10,Thor: Ragnarok,2017,https://boxd.it/8MHi,3.5
2023-06-10,Thor: Love and Thunder,2022,https://boxd.it/mMAY,3
2023-06-10,Dog Day Afternoon,1975,https://boxd.it/29bg,4.5
2023-06-11,X2,2003,https://boxd.it/1a7i,4
2023-06-11,Team America: World Police,2004,https://boxd.it/24QS,4
2023-06-12,X-Men: The Last Stand,2006,https://boxd.it/1a5Q,3
2023-06-12,X-Men: Apocalypse,2016,https://boxd.it/7eJi,1.5
2023-06-13,The Empire Strikes Back,1980,https://boxd.it/27Vw,3.5
2023-06-13,Return of the Jedi,1983,https://boxd.it/27Vm,3.5
2023-06-22,Ocean's Eleven,2001,https://boxd.it/2aZm,4
2023-06-22,Ocean's Twelve,2004,https://boxd.it/2aZ2,3.5
2023-06-22,Ocean's Thirteen,2007,https://boxd.it/2aEy,3
2023-06-22,Asteroid City,2023,https://boxd.it/s3ds,4.5
2023-06-23,The Da Vinci Code,2006,https://boxd.it/2a3i,3
2023-06-24,The Hobbit,1977,https://boxd.it/28UY,3.5
2023-06-29,Dead Poets Society,1989,https://boxd.it/2aSg,5
2023-07-08,Kung Fu Panda 3,2016,https://boxd.it/4uRQ,4
2023-07-10,Fantastic Mr. Fox,2009,https://boxd.it/1WyQ,4.5
2023-07-14,Not Another Teen Movie,2001,https://boxd.it/1TWq,3.5
2023-07-16,The Dark Knight,2008,https://boxd.it/2b0k,5
2023-07-23,Finding Nemo,2003,https://boxd.it/72i,3
2023-07-24,Surf's Up,2007,https://boxd.it/1YKY,2.5
2023-07-25,The Hunger Games: Mockingjay – Part 2,2015,https://boxd.it/4hk0,4
2023-07-25,Ratatouille,2007,https://boxd.it/27ww,4
2023-07-25,Puss in Boots: The Last Wish,2022,https://boxd.it/aaie,4
2023-07-25,Pitch Perfect,2012,https://boxd.it/3OsE,4
2023-07-25,Coach Carter,2005,https://boxd.it/218e,4
2023-07-27,Shazam!,2019,https://boxd.it/8WBu,3.5
2023-07-27,Okja,2017,https://boxd.it/dvXe,4
2023-07-27,John Wick,2014,https://boxd.it/7dEc,3.5
2023-07-27,Alvin and the Chipmunks: The Squeakquel,2009,https://boxd.it/1zgk,1
2023-07-27,Mean Girls,2004,https://boxd.it/1VNg,2
2023-08-03,Nausicaä of the Valley of the Wind,1984,https://boxd.it/2bc6,4.5
2023-08-03,Drive,2011,https://boxd.it/IG,5
2023-08-05,The Girl with the Dragon Tattoo,2011,https://boxd.it/2Pa,3.5
2023-08-05,Interstellar,2014,https://boxd.it/4VZ8,5
2023-08-05,The Dark Knight Rises,2012,https://boxd.it/H3m,4
2023-08-05,Tenet,2020,https://boxd.it/leq4,2
2023-08-05,The Super Mario Bros. Movie,2023,https://boxd.it/i8C8,3
2023-08-05,Bullet Train,2022,https://boxd.it/qW26,4.5
2023-08-05,Pokémon Detective Pikachu,2019,https://boxd.it/fVA0,3
2023-08-05,Castle in the Sky,1986,https://boxd.it/1W4G,3.5
2023-08-05,Kiki's Delivery Service,1989,https://boxd.it/1JAY,4
2023-08-06,Escape from New York,1981,https://boxd.it/294k,3
2023-08-20,Nightcrawler,2014,https://boxd.it/780m,3
2023-08-20,Oppenheimer,2023,https://boxd.it/wUow,5
2023-08-20,To Kill a Mockingbird,1962,https://boxd.it/2a2E,4
2023-08-20,The 40 Year Old Virgin,2005,https://boxd.it/21hK,3
2023-08-20,Teenage Mutant Ninja Turtles: Mutant Mayhem,2023,https://boxd.it/mK0a,3
2023-08-20,2001: A Space Odyssey,1968,https://boxd.it/2bf0,2.5
2023-08-21,The Girl Who Leapt Through Time,2006,https://boxd.it/1OPa,4
2023-08-21,Weathering with You,2019,https://boxd.it/kPxE,3.5
2023-08-21,A Silent Voice: The Movie,2016,https://boxd.it/d99c,3
2023-08-21,The Cat Returns,2002,https://boxd.it/1Mne,3.5
2023-08-21,5 Centimeters per Second,2007,https://boxd.it/16G4,4.5
2023-08-21,The Boy and the Beast,2015,https://boxd.it/aaRe,3
2023-08-21,Whisper of the Heart,1995,https://boxd.it/17uy,4
2023-08-21,The Garden of Words,2013,https://boxd.it/5Ymq,2.5
2023-08-21,Maquia: When the Promised Flower Blooms,2018,https://boxd.it/h6bM,2.5
2023-08-21,Summer Wars,2009,https://boxd.it/1oDC,3
2023-08-23,One Piece Film Red,2022,https://boxd.it/y2b8,2
2023-08-23,Blue Beetle,2023,https://boxd.it/kJLq,2
2023-08-23,Rio,2011,https://boxd.it/NKc,3
2023-08-23,The Smurfs,2011,https://boxd.it/Zcm,1.5
2023-08-23,Air Buddies,2006,https://boxd.it/1XoM,2
2023-08-23,Arrival,2016,https://boxd.it/aNGk,4
2023-08-23,Spider-Man: Across the Spider-Verse,2023,https://boxd.it/kSz4,4.5
2023-08-23,Baby Driver,2017,https://boxd.it/bhF2,3.5
2023-08-28,Barbie,2023,https://boxd.it/bCLK,4.5
2023-09-02,Juno,2007,https://boxd.it/210a,3.5
2023-09-11,The Princess and the Frog,2009,https://boxd.it/1WQq,4.5
2023-09-18,The Lego Batman Movie,2017,https://boxd.it/azp0,4
2023-09-24,Vertigo,1958,https://boxd.it/2apI,4
2023-09-24,The Devil Wears Prada,2006,https://boxd.it/2awE,5
2023-09-30,When Harry Met Sally...,1989,https://boxd.it/29W2,4
2023-10-01,Superbad,2007,https://boxd.it/20hO,3.5
2023-10-02,Us,2019,https://boxd.it/gnV6,5
2023-10-02,Get Out,2017,https://boxd.it/eOCm,3.5
2023-10-13,Blade Runner,1982,https://boxd.it/2bcA,4.5
2023-10-13,Blade Runner 2049,2017,https://boxd.it/b8wK,5
2023-10-14,The House,2022,https://boxd.it/yVza,1.5
2023-10-15,Night at the Museum,2006,https://boxd.it/28wi,3.5
2023-10-16,Aladdin,1992,https://boxd.it/29yE,3
2023-10-17,Willy Wonka & the Chocolate Factory,1971,https://boxd.it/2aLu,4
2023-10-20,Dune,2021,https://boxd.it/fA7G,4.5
2023-10-20,Monster House,2006,https://boxd.it/1Z2e,2.5
2023-10-22,Barbarian,2022,https://boxd.it/yohi,3
2023-10-22,Saw,2004,https://boxd.it/2aWW,2.5
2023-10-23,The Wonderful Story of Henry Sugar,2023,https://boxd.it/yNyo,4.5
2023-10-25,Poison,2023,https://boxd.it/Is7Q,4
2023-10-25,The Rat Catcher,2023,https://boxd.it/Is8a,4
2023-10-25,The Swan,2023,https://boxd.it/Is80,3.5
2023-10-29,Beetlejuice,1988,https://boxd.it/24QI,3
2023-10-30,Ghostbusters,1984,https://boxd.it/g2w,2
2023-10-31,The Fall of the House of Usher,2023,https://boxd.it/IWYg,4.5
2023-11-01,Grease,1978,https://boxd.it/29YW,2
2023-11-01,Saturday Night Fever,1977,https://boxd.it/1URQ,3
2023-11-01,Now You See Me 2,2016,https://boxd.it/99fw,2.5
2023-11-01,Zootopia,2016,https://boxd.it/84xS,3
2023-11-05,Tag,2018,https://boxd.it/gh7Y,3
2023-11-05,BlacKkKlansman,2018,https://boxd.it/hxL8,4.5
2023-11-05,The Mask,1994,https://boxd.it/29rS,4
2023-11-05,The Muppets,2011,https://boxd.it/1zg,3
2023-11-06,Jumanji,1995,https://boxd.it/1ZLI,4
2023-11-10,School of Rock,2003,https://boxd.it/28xK,3.5
2023-11-12,Harry Potter and the Philosopher's Stone,2001,https://boxd.it/29QS,3.5
2023-11-12,Harry Potter and the Prisoner of Azkaban,2004,https://boxd.it/29Qy,4
2023-11-12,Harry Potter and the Chamber of Secrets,2002,https://boxd.it/29QI,3.5
2023-11-12,Harry Potter and the Goblet of Fire,2005,https://boxd.it/29Qo,4.5
2023-11-13,Harry Potter and the Order of the Phoenix,2007,https://boxd.it/29Qe,4.5
2023-11-13,Harry Potter and the Half-Blood Prince,2009,https://boxd.it/29FU,5
2023-11-17,The Hunger Games: The Ballad of Songbirds & Snakes,2023,https://boxd.it/pZCY,4.5
2023-12-02,Harry Potter and the Deathly Hallows: Part 1,2010,https://boxd.it/1RYu,3.5
2023-12-02,Harry Potter and the Deathly Hallows: Part 2,2011,https://boxd.it/1RYk,5
2023-12-03,Beauty and the Beast,2017,https://boxd.it/ar0c,3
2023-12-09,The Polar Express,2004,https://boxd.it/23am,2.5
2023-12-15,Kill Bill: Vol. 1,2003,https://boxd.it/70w,5
2023-12-17,Sky High,2005,https://boxd.it/1TNI,3
2023-12-21,The Boy and the Heron,2023,https://boxd.it/ipeM,4.5
2023-12-24,Circle,2015,https://boxd.it/b5So,3.5
2024-01-04,Dragon Ball Super: Broly,2018,https://boxd.it/iaWE,3.5
2024-01-04,Mystic River,2003,https://boxd.it/2aAG,4
2024-01-13,Oldboy,2003,https://boxd.it/29R2,5
2024-01-14,Predestination,2014,https://boxd.it/6bJM,3.5
2024-01-20,Free Guy,2021,https://boxd.it/k8dm,3
2024-02-05,Poor Things,2023,https://boxd.it/tNWU,3.5
2024-02-11,Saltburn,2023,https://boxd.it/z4eg,3.5
2024-02-17,Gravity,2013,https://boxd.it/GZY,3.5
2024-03-13,Kung Fu Panda 4,2024,https://boxd.it/CepE,1.5
2024-04-14,White Chicks,2004,https://boxd.it/1SpK,4
2024-04-20,Dune: Part Two,2024,https://boxd.it/pUfA,4
2024-04-21,Deadpool,2016,https://boxd.it/9fOC,3
2024-04-21,Weiner,2016,https://boxd.it/d4N2,3.5
2024-04-21,The Social Dilemma,2020,https://boxd.it/opQI,2.5
2024-04-23,Midnight Mass,2021,https://boxd.it/wvVA,3.5
2024-04-23,The Haunting of Hill House,2018,https://boxd.it/kfJ0,5
2024-04-23,The Haunting of Bly Manor,2020,https://boxd.it/rUdS,3
2024-05-21,Death at a Funeral,2010,https://boxd.it/1dem,3
2024-07-10,Inside Out 2,2024,https://boxd.it/CFrC,4
2024-07-15,Midsommar,2019,https://boxd.it/jhxe,5
2024-07-29,My Cousin Vinny,1992,https://boxd.it/1WpO,4.5
2024-07-31,Logan,2017,https://boxd.it/7Piy,4.5
2024-08-01,The Princess Bride,1987,https://boxd.it/26EY,4
2024-08-02,Donnie Darko,2001,https://boxd.it/2b2A,4.5
2024-08-03,Deadpool & Wolverine,2024,https://boxd.it/jq8s,3
2024-08-03,Deadpool 2,2018,https://boxd.it/dlLM,3.5
2024-08-06,X-Men: First Class,2011,https://boxd.it/FOA,3.5
2024-08-09,Mamma Mia! Here We Go Again,2018,https://boxd.it/gnfO,4
2024-08-10,Good Will Hunting,1997,https://boxd.it/2ahY,5
2024-08-11,Anatomy of a Fall,2023,https://boxd.it/yuDE,4.5
2024-08-15,Kung Fu Panda 2,2011,https://boxd.it/G36,5
2024-08-18,Death on the Nile,2022,https://boxd.it/ifpg,2
2024-08-23,Megamind,2010,https://boxd.it/16Sk,4
2024-08-23,"Girl, Interrupted",1999,https://boxd.it/25ds,5
2024-09-07,Halloween,1978,https://boxd.it/2wRu,1
2024-09-30,10 Cloverfield Lane,2016,https://boxd.it/aZiu,3.5
2024-10-01,G-Force,2009,https://boxd.it/1ETc,1.5
2024-10-04,The Sound of Music,1965,https://boxd.it/1MLK,5
2024-10-07,The Flying Luna Clipper,1987,https://boxd.it/cI1U,3
2024-10-07,Chinatown,1974,https://boxd.it/29vU,4.5
2024-10-10,The Princess Diaries,2001,https://boxd.it/1XCO,4
2024-10-14,John Tucker Must Die,2006,https://boxd.it/1Z2S,4
2024-10-21,Dragon Ball Super: Super Hero,2022,https://boxd.it/mxII,4
2024-10-21,A Beautiful Day in the Neighborhood,2019,https://boxd.it/i7vA,5
2024-10-22,Kite,1998,https://boxd.it/1G8M,3.5
2024-10-22,The Nun II,2023,https://boxd.it/AyRY,3
2024-10-22,Swing Girls,2004,https://boxd.it/1ag0,5
2024-10-23,The Perks of Being a Wallflower,2012,https://boxd.it/2ZA8,5
2024-10-23,Shanghai Knights,2003,https://boxd.it/228a,3
2024-10-24,Blue Valentine,2010,https://boxd.it/MxG,5
2024-10-24,Terrifier,2016,https://boxd.it/eRzg,1
2024-10-28,Scooby-Doo,2002,https://boxd.it/1YaQ,4.5
2024-11-10,Airplane!,1980,https://boxd.it/29yu,4
2024-11-10,Madagascar,2005,https://boxd.it/29dc,3.5
2024-11-15,Look Back,2024,https://boxd.it/LjA6,4
2024-11-18,Scary Movie 3,2003,https://boxd.it/24Be,3.5
2024-11-18,The Nun,2018,https://boxd.it/fBkw,2.5
2024-11-18,Mamma Mia!,2008,https://boxd.it/1Tnq,4
2024-11-18,The Addams Family: The Musical,2010,https://boxd.it/wd5G,4.5
2024-11-19,Scary Movie 2,2001,https://boxd.it/24Cw,2.5
2024-11-21,Sonic the Hedgehog,2020,https://boxd.it/gdK8,2.5
2024-11-21,Scary Movie 4,2006,https://boxd.it/24B4,3
2024-11-21,Little Women,2019,https://boxd.it/aSVk,5
2024-11-23,Diary of a Wimpy Kid: Rodrick Rules,2011,https://boxd.it/gm2,4.5
2024-11-24,Uptown Girls,2003,https://boxd.it/1N64,4.5
2024-11-25,The Bad Guys,2022,https://boxd.it/nkg4,3.5
2024-11-25,Snowpiercer,2013,https://boxd.it/3Icg,3.5
2024-11-25,Guardians of the Galaxy Vol. 3,2023,https://boxd.it/fVNI,4.5
2024-11-27,Robin Hood: Men in Tights,1993,https://boxd.it/20H8,2.5
2024-11-28,Sonic the Hedgehog 2,2022,https://boxd.it/pb8O,2.5
2024-11-28,Pixels,2015,https://boxd.it/7BaA,2
2024-11-28,Wicked City,1987,https://boxd.it/1BSA,2
2024-11-29,The Menu,2022,https://boxd.it/lScm,3.5
2024-11-29,Reservoir Dogs,1992,https://boxd.it/2agc,3.5
2024-11-29,The Nice Guys,2016,https://boxd.it/94Hg,4
2024-11-29,Memories,1995,https://boxd.it/Vz2,5
2024-11-30,Tokyo Godfathers,2003,https://boxd.it/1Qg2,5
2024-12-01,Good Morning,2007,https://boxd.it/fqQc,5
2024-12-07,Barbie and the Diamond Castle,2008,https://boxd.it/1R2K,2
2024-12-07,Elf,2003,https://boxd.it/1VyK,4
2024-12-07,A Nonsense Christmas with Sabrina Carpenter,2024,https://boxd.it/QkR8,4
