Date,Name,Year,Letterboxd URI
2022-01-12,Don't Look Up,2021,https://boxd.it/o0Hc
2022-01-12,Spider-Man: No Way Home,2021,https://boxd.it/nwRw
2022-01-12,Come and See,1985,https://boxd.it/1w9q
2022-01-12,Spider-Man: Into the Spider-Verse,2018,https://boxd.it/azpY
2022-01-12,Spider-Man: Far From Home,2019,https://boxd.it/fegG
2022-01-12,Spider-Man: Homecoming,2017,https://boxd.it/aboM
2022-01-12,Spider-Man 3,2007,https://boxd.it/2a7Y
2022-01-12,The Amazing Spider-Man 2,2014,https://boxd.it/3utM
2022-01-12,Spider-Man 2,2004,https://boxd.it/2a88
2022-01-12,Spider-Man,2002,https://boxd.it/2a8i
2022-01-12,Hamilton,2020,https://boxd.it/kmvE
2022-01-12,Team America: World Police,2004,https://boxd.it/24QS
2022-01-12,The Silence of the Lambs,1991,https://boxd.it/2aHW
2022-01-12,Red Dragon,2002,https://boxd.it/1Yrs
2022-01-12,Gone Girl,2014,https://boxd.it/6hQu
2022-01-12,American Psycho,2000,https://boxd.it/28Vs
2022-01-12,Captain America: The Winter Soldier,2014,https://boxd.it/3r58
2022-01-12,Captain America: Civil War,2016,https://boxd.it/89Ja
2022-01-12,Avengers: Age of Ultron,2015,https://boxd.it/3qi6
2022-01-12,Captain America: The First Avenger,2011,https://boxd.it/28b0
2022-01-12,Avengers: Infinity War,2018,https://boxd.it/9vEe
2022-01-12,Thor: Ragnarok,2017,https://boxd.it/8MHi
2022-01-12,Iron Man,2008,https://boxd.it/28dA
2022-01-12,Iron Man 2,2010,https://boxd.it/1WZM
2022-01-12,Thor,2011,https://boxd.it/1WQU
2022-01-12,Doctor Strange,2016,https://boxd.it/8MH8
2022-01-12,Guardians of the Galaxy,2014,https://boxd.it/3VH2
2022-01-12,Thor: The Dark World,2013,https://boxd.it/2DqA
2022-01-12,Iron Man 3,2013,https://boxd.it/2cBQ
2022-01-13,Scott Pilgrim vs. the World,2010,https://boxd.it/1Aq6
2022-01-13,Inception,2010,https://boxd.it/1skk
2022-01-13,Whiplash,2014,https://boxd.it/7bQA
2022-01-13,V for Vendetta,2005,https://boxd.it/29Ik
2022-01-13,Superbad,2007,https://boxd.it/20hO
2022-01-13,Spirited Away,2001,https://boxd.it/2b4m
2022-01-13,Django Unchained,2012,https://boxd.it/2cCk
2022-01-13,Shutter Island,2010,https://boxd.it/1U82
2022-01-13,The Lord of the Rings: The Fellowship of the Ring,2001,https://boxd.it/2b5O
2022-01-13,The Lord of the Rings: The Return of the King,2003,https://boxd.it/2b5u
2022-01-13,The Lord of the Rings: The Two Towers,2002,https://boxd.it/2b5E
2022-01-13,Parasite,2019,https://boxd.it/hTha
2022-01-13,Loki,2021,https://boxd.it/sbHg
2022-01-13,WandaVision,2021,https://boxd.it/sbGW
2022-01-13,The Falcon and the Winter Soldier,2021,https://boxd.it/sbH6
2022-01-13,The Phantom of the Opera,2004,https://boxd.it/1XHu
2022-01-13,Abraham Lincoln: Vampire Hunter,2012,https://boxd.it/2oG4
2022-01-13,Scarface,1983,https://boxd.it/2b7g
2022-01-13,Uncut Gems,2019,https://boxd.it/gXGc
2022-01-13,Snowpiercer,2013,https://boxd.it/3Icg
2022-01-13,Borat Subsequent Moviefilm,2020,https://boxd.it/rNS0
2022-01-13,Wreck-It Ralph,2012,https://boxd.it/2TTS
2022-01-13,Brave,2012,https://boxd.it/bVG
2022-01-13,Rango,2011,https://boxd.it/QPk
2022-01-13,The Lorax,2012,https://boxd.it/2w9M
2022-01-13,How to Train Your Dragon,2010,https://boxd.it/1WRy
2022-01-13,Up,2009,https://boxd.it/1OEc
2022-01-13,Happy Feet,2006,https://boxd.it/1XH0
2022-01-13,Perfect Blue,1997,https://boxd.it/1W7A
2022-01-13,Princess Mononoke,1997,https://boxd.it/2b4w
2022-01-13,American History X,1998,https://boxd.it/2bdo
2022-01-13,Ghost in the Shell,1995,https://boxd.it/1YYc
2022-01-13,Fallen Angels,1995,https://boxd.it/1UkW
2022-01-13,Home Alone,1990,https://boxd.it/29Fg
2022-01-13,Akira,1988,https://boxd.it/2b1i
2022-01-13,My Neighbor Totoro,1988,https://boxd.it/20eA
2022-01-13,Ratatouille,2007,https://boxd.it/27ww
2022-01-13,Alvin and the Chipmunks,2007,https://boxd.it/21E0
2022-01-13,Kung Fu Panda,2008,https://boxd.it/1Yws
2022-01-13,Bolt,2008,https://boxd.it/1QXg
2022-01-13,WALL·E,2008,https://boxd.it/1VEo
2022-01-13,Spy Kids,2001,https://boxd.it/1Xcw
2022-01-13,Spy Kids 2: The Island of Lost Dreams,2002,https://boxd.it/1Yyo
2022-01-13,Spy Kids 3-D: Game Over,2003,https://boxd.it/1S7w
2022-01-13,Spy Kids: All the Time in the World,2011,https://boxd.it/ptm
2022-01-13,Madagascar,2005,https://boxd.it/29dc
2022-01-13,Bee Movie,2007,https://boxd.it/22Vw
2022-01-13,Ice Age,2002,https://boxd.it/2apS
2022-01-13,Ice Age: The Meltdown,2006,https://boxd.it/2wRk
2022-01-13,Ice Age: Dawn of the Dinosaurs,2009,https://boxd.it/20iC
2022-01-13,Ice Age: Continental Drift,2012,https://boxd.it/lQ2
2022-01-13,Madagascar: Escape 2 Africa,2008,https://boxd.it/1W2K
2022-01-13,Madagascar 3: Europe's Most Wanted,2012,https://boxd.it/2NF6
2022-01-13,"Monsters, Inc.",2001,https://boxd.it/2a46
2022-01-13,Monsters University,2013,https://boxd.it/bQm
2022-01-13,The Evil Dead,1981,https://boxd.it/29Go
2022-01-13,Evil Dead II,1987,https://boxd.it/29Ge
2022-01-13,Army of Darkness,1992,https://boxd.it/29G4
2022-01-15,Howl's Moving Castle,2004,https://boxd.it/23De
2022-01-15,Kiki's Delivery Service,1989,https://boxd.it/1JAY
2022-01-15,Your Name.,2016,https://boxd.it/cUqs
2022-01-15,I Want to Eat Your Pancreas,2018,https://boxd.it/ie6C
2022-01-15,It Chapter Two,2019,https://boxd.it/h10u
2022-01-17,John Wick,2014,https://boxd.it/7dEc
2022-01-17,John Wick: Chapter 2,2017,https://boxd.it/ayGu
2022-01-17,John Wick: Chapter 3 – Parabellum,2019,https://boxd.it/gmFw
2022-01-17,The Devil's Advocate,1997,https://boxd.it/286k
2022-01-17,The Croods,2013,https://boxd.it/FRE
2022-01-17,Despicable Me 2,2013,https://boxd.it/3gg0
2022-01-17,Monty Python and the Holy Grail,1975,https://boxd.it/29GI
2022-01-17,Life of Brian,1979,https://boxd.it/2a4q
2022-01-17,Cowboy Bebop,1998,https://boxd.it/ptES
2022-01-17,Monster,2004,https://boxd.it/py6Q
2022-01-17,Avatar Spirits,2010,https://boxd.it/8vKa
2022-01-17,No Half Measures: Creating the Final Season of Breaking Bad,2013,https://boxd.it/72Yg
2022-01-17,Fullmetal Alchemist: Brotherhood,2009,https://boxd.it/ptii
2022-01-17,Shrek the Third,2007,https://boxd.it/29yY
2022-01-17,Shrek 2,2004,https://boxd.it/29z8
2022-01-17,Stuart Little,1999,https://boxd.it/1WZW
2022-01-17,The Nightmare Before Christmas,1993,https://boxd.it/1YzQ
2022-01-17,ODDTAXI,2021,https://boxd.it/vTy4
2022-01-17,Shrek,2001,https://boxd.it/29zi
2022-01-17,Shrek Forever After,2010,https://boxd.it/1WRo
2022-01-17,Squid Game,2021,https://boxd.it/x1OG
2022-01-17,Vinland Saga,2019,https://boxd.it/qdwU
2022-01-17,How to Train Your Dragon: The Hidden World,2019,https://boxd.it/5a9w
2022-01-17,Ready Player One,2018,https://boxd.it/aZes
2022-01-17,Frozen,2013,https://boxd.it/3GNa
2022-01-17,Stuart Little 2,2002,https://boxd.it/1UTW
2022-01-17,Shazam!,2019,https://boxd.it/8WBu
2022-01-17,Incredibles 2,2018,https://boxd.it/7IPg
2022-01-17,Zack Snyder's Justice League,2021,https://boxd.it/tLOk
2022-01-17,Taxi Driver,1976,https://boxd.it/2b8y
2022-01-17,Baby Driver,2017,https://boxd.it/bhF2
2022-01-17,Coraline,2009,https://boxd.it/1NhQ
2022-01-17,The Incredibles,2004,https://boxd.it/1XLm
2022-01-17,Pi,1998,https://boxd.it/2ajq
2022-01-17,Pirates of the Caribbean: The Curse of the Black Pearl,2003,https://boxd.it/70G
2022-01-17,Pirates of the Caribbean: Dead Man's Chest,2006,https://boxd.it/2bfk
2022-01-17,Pirates of the Caribbean: At World's End,2007,https://boxd.it/2aGu
2022-01-17,Pirates of the Caribbean: Dead Men Tell No Tales,2017,https://boxd.it/5a9m
2022-01-17,Pirates of the Caribbean: On Stranger Tides,2011,https://boxd.it/27Z4
2022-01-19,Train to Busan,2016,https://boxd.it/dSQU
2022-01-22,Fight Club,1999,https://boxd.it/2a9q
2022-01-22,Zodiac,2007,https://boxd.it/27MO
2022-01-23,The Matrix,1999,https://boxd.it/2a1m
2022-01-23,The Matrix Reloaded,2003,https://boxd.it/2a1c
2022-01-23,The Matrix Revolutions,2003,https://boxd.it/2a12
2022-02-25,jeen-yuhs: A Kanye Trilogy,2022,https://boxd.it/z7pG
2022-06-12,Eternal Sunshine of the Spotless Mind,2004,https://boxd.it/6YK
2022-06-12,Raising Victor Vargas,2002,https://boxd.it/1vM2
2022-06-12,A Streetcar Named Desire,1951,https://boxd.it/29Mc
2022-06-12,Joker,2019,https://boxd.it/h4cS
2022-06-12,The Batman,2022,https://boxd.it/eDGs
2022-06-12,The Avengers,2012,https://boxd.it/1xFW
2022-06-12,It,2017,https://boxd.it/bC8e
2022-06-12,Guardians of the Galaxy Vol. 2,2017,https://boxd.it/8MxC
2022-06-12,Batman Begins,2005,https://boxd.it/2aIg
2022-06-12,Avengers: Endgame,2019,https://boxd.it/9vE4
2022-06-12,The Incredible Hulk,2008,https://boxd.it/28dU
2022-07-04,Sorry to Bother You,2018,https://boxd.it/f21E
2022-07-04,Doctor Strange in the Multiverse of Madness,2022,https://boxd.it/gaTc
2022-08-05,Knives Out,2019,https://boxd.it/jWEA
2022-08-05,A Quiet Place,2018,https://boxd.it/fVJQ
2022-08-05,The Girl with the Dragon Tattoo,2011,https://boxd.it/2Pa
2022-08-05,The Social Network,2010,https://boxd.it/17ue
2022-08-05,Paprika,2006,https://boxd.it/23wW
2022-08-05,Millennium Actress,2001,https://boxd.it/1fK0
2022-08-05,El Camino: A Breaking Bad Movie,2019,https://boxd.it/kv0q
2022-08-06,The Hateful Eight,2015,https://boxd.it/8gw8
2022-08-06,The Grand Budapest Hotel,2014,https://boxd.it/3ZqO
2022-08-06,The Departed,2006,https://boxd.it/28MA
2022-08-06,Everything Everywhere All at Once,2022,https://boxd.it/jUk4
2022-08-06,NANA,2006,https://boxd.it/qBBE
2022-08-06,The Tatami Galaxy,2010,https://boxd.it/oL50
2022-08-06,Jason Bourne,2016,https://boxd.it/ayYy
2022-08-06,The Bourne Supremacy,2004,https://boxd.it/26EE
2022-08-06,The Bourne Ultimatum,2007,https://boxd.it/26Eu
2022-08-06,Catch Me If You Can,2002,https://boxd.it/29VS
2022-08-06,The Platform,2019,https://boxd.it/mUm6
2022-08-06,Fantastic Mr. Fox,2009,https://boxd.it/1WyQ
2022-08-06,Toy Story,1995,https://boxd.it/29qA
2022-08-06,Toy Story 2,1999,https://boxd.it/29qq
2022-08-06,Toy Story 3,2010,https://boxd.it/1WRe
2022-08-06,Cars,2006,https://boxd.it/29ho
2022-08-06,28 Days Later,2002,https://boxd.it/2aXU
2022-08-06,The Terminator,1984,https://boxd.it/2aQY
2022-08-06,Tropic Thunder,2008,https://boxd.it/20WM
2022-08-06,Groundhog Day,1993,https://boxd.it/2b3e
2022-08-06,Rise of the Planet of the Apes,2011,https://boxd.it/cS4
2022-08-06,Megamind,2010,https://boxd.it/16Sk
2022-08-06,Arrival,2016,https://boxd.it/aNGk
2022-08-15,The Hobbit: An Unexpected Journey,2012,https://boxd.it/GZk
2022-08-15,The Hobbit: The Desolation of Smaug,2013,https://boxd.it/nmS
2022-08-15,The Hobbit: The Battle of the Five Armies,2014,https://boxd.it/43aU
2022-08-26,Pulp Fiction,1994,https://boxd.it/29Pq
2022-08-27,Death Proof,2007,https://boxd.it/27GG
2022-08-27,Planet Terror,2007,https://boxd.it/27Gw
2022-08-27,Encanto,2021,https://boxd.it/kPRu
2022-08-27,Pokémon Detective Pikachu,2019,https://boxd.it/fVA0
2022-08-27,Moana,2016,https://boxd.it/8tfY
2022-08-27,Big Hero 6,2014,https://boxd.it/5rje
2022-08-27,Hotel Transylvania,2012,https://boxd.it/2DF6
2022-08-27,Phineas and Ferb The Movie: Across the 2nd Dimension,2011,https://boxd.it/2ql8
2022-08-27,Cloudy with a Chance of Meatballs,2009,https://boxd.it/1A40
2022-08-27,Scary Movie,2000,https://boxd.it/24CG
2022-08-27,The Bourne Legacy,2012,https://boxd.it/H16
2022-08-27,The Bourne Identity,2002,https://boxd.it/26EO
2022-08-27,Despicable Me,2010,https://boxd.it/1DD8
2022-08-27,Alvin and the Chipmunks: The Squeakquel,2009,https://boxd.it/1zgk
2022-08-27,Harry Potter and the Half-Blood Prince,2009,https://boxd.it/29FU
2022-08-27,Harry Potter and the Deathly Hallows: Part 1,2010,https://boxd.it/1RYu
2022-08-27,Harry Potter and the Prisoner of Azkaban,2004,https://boxd.it/29Qy
2022-08-27,Harry Potter and the Goblet of Fire,2005,https://boxd.it/29Qo
2022-08-27,Harry Potter and the Order of the Phoenix,2007,https://boxd.it/29Qe
2022-08-27,Meet the Robinsons,2007,https://boxd.it/28Ym
2022-08-27,Harry Potter and the Chamber of Secrets,2002,https://boxd.it/29QI
2022-08-27,Harry Potter and the Philosopher's Stone,2001,https://boxd.it/29QS
2022-08-27,Moon Knight,2022,https://boxd.it/zeDq
2022-08-27,Kung Fu Panda 3,2016,https://boxd.it/4uRQ
2022-08-27,How to Train Your Dragon 2,2014,https://boxd.it/2TRW
2022-08-27,The Lego Movie,2014,https://boxd.it/4pDO
2022-08-27,Cars 2,2011,https://boxd.it/H4Y
2022-08-27,Harry Potter and the Deathly Hallows: Part 2,2011,https://boxd.it/1RYk
2022-08-27,Monster House,2006,https://boxd.it/1Z2e
2022-08-27,Se7en,1995,https://boxd.it/29zs
2022-08-27,The Dark Knight,2008,https://boxd.it/2b0k
2022-08-27,Star Wars,1977,https://boxd.it/72s
2022-08-27,Raiders of the Lost Ark,1981,https://boxd.it/2bbs
2022-08-27,Die Hard,1988,https://boxd.it/2a7u
2022-08-27,Friday After Next,2002,https://boxd.it/1Wie
2022-08-27,Inglourious Basterds,2009,https://boxd.it/1JzG
2022-09-05,Nerve,2016,https://boxd.it/aJIc
2022-09-12,10 Things I Hate About You,1999,https://boxd.it/23AO
2022-10-31,Nope,2022,https://boxd.it/sDCe
2022-11-05,Pitch Perfect,2012,https://boxd.it/3OsE
2022-11-06,Hercules,1997,https://boxd.it/1SDW
2022-11-07,The Emperor's New Groove,2000,https://boxd.it/1Tey
2022-12-09,Bullet Train,2022,https://boxd.it/qW26
2022-12-30,Ikiru,1952,https://boxd.it/251c
2022-12-31,Glass Onion,2022,https://boxd.it/oCkK
2023-01-26,Puss in Boots: The Last Wish,2022,https://boxd.it/aaie
2023-01-29,Pitch Perfect 2,2015,https://boxd.it/7tNa
2023-02-04,The Breakfast Club,1985,https://boxd.it/27q4
2023-02-06,Top Gun: Maverick,2022,https://boxd.it/cjr4
2023-02-06,Top Gun,1986,https://boxd.it/29JC
2023-02-22,Inside Out,2015,https://boxd.it/4KHC
2023-03-17,"Night Is Short, Walk On Girl",2017,https://boxd.it/ffwA
2023-03-20,A Clockwork Orange,1971,https://boxd.it/2aVE
2023-03-21,The Truman Show,1998,https://boxd.it/18U8
2023-03-21,The Shining,1980,https://boxd.it/29Nu
2023-03-22,The Hunger Games,2012,https://boxd.it/2uds
2023-03-24,Cocaine Bear,2023,https://boxd.it/ugw2
2023-03-27,The Hunger Games: Catching Fire,2013,https://boxd.it/3sAw
2023-03-27,The Hunger Games: Mockingjay – Part 1,2014,https://boxd.it/4hka
2023-03-27,The Hunger Games: Mockingjay – Part 2,2015,https://boxd.it/4hk0
2023-03-27,John Wick: Chapter 4,2023,https://boxd.it/mh48
2023-04-04,Dungeons & Dragons: Honor Among Thieves,2023,https://boxd.it/hN1A
2023-04-04,Okja,2017,https://boxd.it/dvXe
2023-04-08,(500) Days of Summer,2009,https://boxd.it/1EmM
2023-04-22,Little Women,2019,https://boxd.it/aSVk
2023-05-04,Coach Carter,2005,https://boxd.it/218e
2023-05-09,Catherine Called Birdy,2022,https://boxd.it/tUS6
2023-05-13,The Prestige,2006,https://boxd.it/293w
2023-05-15,La La Land,2016,https://boxd.it/a5fa
2023-05-15,The Suicide Squad,2021,https://boxd.it/fw6O
2023-05-15,The Super Mario Bros. Movie,2023,https://boxd.it/i8C8
2023-05-30,Memento,2000,https://boxd.it/2bcK
2023-06-03,Thor: Love and Thunder,2022,https://boxd.it/mMAY
2023-06-04,Spider-Man: Across the Spider-Verse,2023,https://boxd.it/kSz4
2023-06-10,X-Men: Days of Future Past,2014,https://boxd.it/4aRw
2023-06-10,X-Men,2000,https://boxd.it/1a7s
2023-06-10,Dog Day Afternoon,1975,https://boxd.it/29bg
2023-06-11,X2,2003,https://boxd.it/1a7i
2023-06-12,X-Men: The Last Stand,2006,https://boxd.it/1a5Q
2023-06-12,X-Men: Apocalypse,2016,https://boxd.it/7eJi
2023-06-13,The 40 Year Old Virgin,2005,https://boxd.it/21hK
2023-06-13,The Empire Strikes Back,1980,https://boxd.it/27Vw
2023-06-13,Return of the Jedi,1983,https://boxd.it/27Vm
2023-06-20,The Bad Guys,2022,https://boxd.it/nkg4
2023-06-22,Asteroid City,2023,https://boxd.it/s3ds
2023-06-22,Ocean's Eleven,2001,https://boxd.it/2aZm
2023-06-22,Ocean's Twelve,2004,https://boxd.it/2aZ2
2023-06-22,Ocean's Thirteen,2007,https://boxd.it/2aEy
2023-06-23,The Da Vinci Code,2006,https://boxd.it/2a3i
2023-06-24,The Hobbit,1977,https://boxd.it/28UY
2023-06-29,Dead Poets Society,1989,https://boxd.it/2aSg
2023-07-08,Kung Fu Panda 2,2011,https://boxd.it/G36
2023-07-14,2001: A Space Odyssey,1968,https://boxd.it/2bf0
2023-07-14,Not Another Teen Movie,2001,https://boxd.it/1TWq
2023-07-22,The Menu,2022,https://boxd.it/lScm
2023-07-23,The Nice Guys,2016,https://boxd.it/94Hg
2023-07-23,Reservoir Dogs,1992,https://boxd.it/2agc
2023-07-23,Finding Nemo,2003,https://boxd.it/72i
2023-07-24,Surf's Up,2007,https://boxd.it/1YKY
2023-07-27,White Chicks,2004,https://boxd.it/1SpK
2023-07-27,Mean Girls,2004,https://boxd.it/1VNg
2023-08-03,Nausicaä of the Valley of the Wind,1984,https://boxd.it/2bc6
2023-08-03,Drive,2011,https://boxd.it/IG
2023-08-05,Donnie Darko,2001,https://boxd.it/2b2A
2023-08-05,Interstellar,2014,https://boxd.it/4VZ8
2023-08-05,The Dark Knight Rises,2012,https://boxd.it/H3m
2023-08-05,Tenet,2020,https://boxd.it/leq4
2023-08-05,Castle in the Sky,1986,https://boxd.it/1W4G
2023-08-06,Escape from New York,1981,https://boxd.it/294k
2023-08-20,Nightcrawler,2014,https://boxd.it/780m
2023-08-20,Oppenheimer,2023,https://boxd.it/wUow
2023-08-20,To Kill a Mockingbird,1962,https://boxd.it/2a2E
2023-08-20,Barbie and the Diamond Castle,2008,https://boxd.it/1R2K
2023-08-20,Teenage Mutant Ninja Turtles: Mutant Mayhem,2023,https://boxd.it/mK0a
2023-08-21,The Girl Who Leapt Through Time,2006,https://boxd.it/1OPa
2023-08-21,Weathering with You,2019,https://boxd.it/kPxE
2023-08-21,A Silent Voice: The Movie,2016,https://boxd.it/d99c
2023-08-21,Pokémon: The First Movie,1998,https://boxd.it/1WLA
2023-08-21,The Cat Returns,2002,https://boxd.it/1Mne
2023-08-21,5 Centimeters per Second,2007,https://boxd.it/16G4
2023-08-21,The Boy and the Beast,2015,https://boxd.it/aaRe
2023-08-21,Whisper of the Heart,1995,https://boxd.it/17uy
2023-08-21,The Garden of Words,2013,https://boxd.it/5Ymq
2023-08-21,Maquia: When the Promised Flower Blooms,2018,https://boxd.it/h6bM
2023-08-21,Summer Wars,2009,https://boxd.it/1oDC
2023-08-23,One Piece Film Red,2022,https://boxd.it/y2b8
2023-08-23,Pokémon: Giratina and the Sky Warrior,2008,https://boxd.it/L52
2023-08-23,Pokémon: Arceus and the Jewel of Life,2009,https://boxd.it/14yW
2023-08-23,Pokémon: Jirachi - Wish Maker,2003,https://boxd.it/1b3Q
2023-08-23,Pokémon: Lucario and the Mystery of Mew,2005,https://boxd.it/1epg
2023-08-23,Pokémon 4Ever,2001,https://boxd.it/1RBK
2023-08-23,Pokémon Ranger and the Temple of the Sea,2006,https://boxd.it/1JEQ
2023-08-23,Pokémon the Movie 2000,1999,https://boxd.it/1RBU
2023-08-23,Pokémon: Zoroark - Master of Illusions,2010,https://boxd.it/Ese
2023-08-23,Pokémon the Movie: Diancie and the Cocoon of Destruction,2014,https://boxd.it/9GIw
2023-08-23,Pokémon: Destiny Deoxys,2004,https://boxd.it/1epA
2023-08-23,Pokémon 3: The Movie,2000,https://boxd.it/1UUA
2023-08-23,Pokémon: Mewtwo Returns,2000,https://boxd.it/19yi
2023-08-23,Pokémon the Movie: Kyurem vs. the Sword of Justice,2012,https://boxd.it/4Km0
2023-08-23,Pokémon the Movie: Genesect and the Legend Awakened,2013,https://boxd.it/6ILG
2023-08-23,Pokémon Heroes,2002,https://boxd.it/1eHE
2023-08-23,Pokémon: The Rise of Darkrai,2007,https://boxd.it/1uKY
2023-08-23,Blue Beetle,2023,https://boxd.it/kJLq
2023-08-23,Rio,2011,https://boxd.it/NKc
2023-08-23,The Smurfs,2011,https://boxd.it/Zcm
2023-08-23,Air Buddies,2006,https://boxd.it/1XoM
2023-08-23,Barbie,2023,https://boxd.it/bCLK
2023-09-02,Juno,2007,https://boxd.it/210a
2023-09-11,The Princess and the Frog,2009,https://boxd.it/1WQq
2023-09-18,The Lego Batman Movie,2017,https://boxd.it/azp0
2023-09-24,Vertigo,1958,https://boxd.it/2apI
2023-09-24,The Devil Wears Prada,2006,https://boxd.it/2awE
2023-09-30,When Harry Met Sally...,1989,https://boxd.it/29W2
2023-10-02,Us,2019,https://boxd.it/gnV6
2023-10-02,Get Out,2017,https://boxd.it/eOCm
2023-10-03,The Nun,2018,https://boxd.it/fBkw
2023-10-13,Blade Runner,1982,https://boxd.it/2bcA
2023-10-13,Blade Runner 2049,2017,https://boxd.it/b8wK
2023-10-14,The House,2022,https://boxd.it/yVza
2023-10-15,Night at the Museum,2006,https://boxd.it/28wi
2023-10-16,Aladdin,1992,https://boxd.it/29yE
2023-10-17,Willy Wonka & the Chocolate Factory,1971,https://boxd.it/2aLu
2023-10-20,Dune,2021,https://boxd.it/fA7G
2023-10-22,Barbarian,2022,https://boxd.it/yohi
2023-10-22,Saw,2004,https://boxd.it/2aWW
2023-10-23,The Wonderful Story of Henry Sugar,2023,https://boxd.it/yNyo
2023-10-25,Poison,2023,https://boxd.it/Is7Q
2023-10-25,The Rat Catcher,2023,https://boxd.it/Is8a
2023-10-25,The Swan,2023,https://boxd.it/Is80
2023-10-29,Beetlejuice,1988,https://boxd.it/24QI
2023-10-30,Ghostbusters,1984,https://boxd.it/g2w
2023-10-31,The Fall of the House of Usher,2023,https://boxd.it/IWYg
2023-11-01,Grease,1978,https://boxd.it/29YW
2023-11-01,Saturday Night Fever,1977,https://boxd.it/1URQ
2023-11-01,Mamma Mia!,2008,https://boxd.it/1Tnq
2023-11-01,Now You See Me 2,2016,https://boxd.it/99fw
2023-11-01,Zootopia,2016,https://boxd.it/84xS
2023-11-05,Tag,2018,https://boxd.it/gh7Y
2023-11-05,BlacKkKlansman,2018,https://boxd.it/hxL8
2023-11-05,The Mask,1994,https://boxd.it/29rS
2023-11-05,The Muppets,2011,https://boxd.it/1zg
2023-11-06,Jumanji,1995,https://boxd.it/1ZLI
2023-11-10,School of Rock,2003,https://boxd.it/28xK
2023-11-17,The Hunger Games: The Ballad of Songbirds & Snakes,2023,https://boxd.it/pZCY
2023-12-03,Beauty and the Beast,1991,https://boxd.it/1XhG
2023-12-03,Tangled,2010,https://boxd.it/15gO
2023-12-03,The Little Mermaid,1989,https://boxd.it/1WYO
2023-12-03,Chicken Little,2005,https://boxd.it/1Xnu
2023-12-03,Treasure Planet,2002,https://boxd.it/1Znm
2023-12-03,Mulan,1998,https://boxd.it/1VFw
2023-12-03,Snow White and the Seven Dwarfs,1937,https://boxd.it/2arO
2023-12-03,Cinderella,1950,https://boxd.it/1Uki
2023-12-03,Spooky Buddies,2011,https://boxd.it/2t9E
2023-12-03,Cars 3,2017,https://boxd.it/7IPq
2023-12-03,Beauty and the Beast,2017,https://boxd.it/ar0c
2023-12-09,The Polar Express,2004,https://boxd.it/23am
2023-12-15,Kill Bill: Vol. 1,2003,https://boxd.it/70w
2023-12-17,Sky High,2005,https://boxd.it/1TNI
2023-12-21,The Boy and the Heron,2023,https://boxd.it/ipeM
2023-12-24,Circle,2015,https://boxd.it/b5So
2024-01-04,Dragon Ball Super: Broly,2018,https://boxd.it/iaWE
2024-01-04,Mystic River,2003,https://boxd.it/2aAG
2024-01-13,Oldboy,2003,https://boxd.it/29R2
2024-01-14,Predestination,2014,https://boxd.it/6bJM
2024-01-20,Free Guy,2021,https://boxd.it/k8dm
2024-02-05,Poor Things,2023,https://boxd.it/tNWU
2024-02-11,Saltburn,2023,https://boxd.it/z4eg
2024-02-17,Gravity,2013,https://boxd.it/GZY
2024-03-13,Kung Fu Panda 4,2024,https://boxd.it/CepE
2024-04-20,Dune: Part Two,2024,https://boxd.it/pUfA
2024-04-20,Midsommar,2019,https://boxd.it/jhxe
2024-04-21,Deadpool,2016,https://boxd.it/9fOC
2024-04-21,Weiner,2016,https://boxd.it/d4N2
2024-04-21,The Social Dilemma,2020,https://boxd.it/opQI
2024-04-23,Midnight Mass,2021,https://boxd.it/wvVA
2024-04-23,The Haunting of Hill House,2018,https://boxd.it/kfJ0
2024-04-23,The Haunting of Bly Manor,2020,https://boxd.it/rUdS
2024-04-27,Mamma Mia! Here We Go Again,2018,https://boxd.it/gnfO
2024-05-21,Death at a Funeral,2010,https://boxd.it/1dem
2024-07-10,Inside Out 2,2024,https://boxd.it/CFrC
2024-07-29,My Cousin Vinny,1992,https://boxd.it/1WpO
2024-07-31,Logan,2017,https://boxd.it/7Piy
2024-07-31,Deadpool 2,2018,https://boxd.it/dlLM
2024-08-01,The Princess Bride,1987,https://boxd.it/26EY
2024-08-03,Deadpool & Wolverine,2024,https://boxd.it/jq8s
2024-08-06,X-Men: First Class,2011,https://boxd.it/FOA
2024-08-10,Good Will Hunting,1997,https://boxd.it/2ahY
2024-08-10,Robots,2005,https://boxd.it/1Xve
2024-08-10,300,2006,https://boxd.it/28XI
2024-08-11,Anatomy of a Fall,2023,https://boxd.it/yuDE
2024-08-15,Shanghai Knights,2003,https://boxd.it/228a
2024-08-18,Death on the Nile,2022,https://boxd.it/ifpg
2024-08-22,The Ant Bully,2006,https://boxd.it/1XyM
2024-08-23,"Girl, Interrupted",1999,https://boxd.it/25ds
2024-09-07,Halloween,1978,https://boxd.it/2wRu
2024-09-30,10 Cloverfield Lane,2016,https://boxd.it/aZiu
2024-10-01,G-Force,2009,https://boxd.it/1ETc
2024-10-04,The Sound of Music,1965,https://boxd.it/1MLK
2024-10-07,The Flying Luna Clipper,1987,https://boxd.it/cI1U
2024-10-07,Chinatown,1974,https://boxd.it/29vU
2024-10-10,The Princess Diaries,2001,https://boxd.it/1XCO
2024-10-14,John Tucker Must Die,2006,https://boxd.it/1Z2S
2024-10-20,Scary Movie 2,2001,https://boxd.it/24Cw
2024-10-21,Dragon Ball Super: Super Hero,2022,https://boxd.it/mxII
2024-10-21,A Beautiful Day in the Neighborhood,2019,https://boxd.it/i7vA
2024-10-22,Kite,1998,https://boxd.it/1G8M
2024-10-22,The Nun II,2023,https://boxd.it/AyRY
2024-10-22,Swing Girls,2004,https://boxd.it/1ag0
2024-10-23,The Perks of Being a Wallflower,2012,https://boxd.it/2ZA8
2024-10-24,Blue Valentine,2010,https://boxd.it/MxG
2024-10-24,Terrifier,2016,https://boxd.it/eRzg
2024-10-28,Scooby-Doo,2002,https://boxd.it/1YaQ
2024-11-10,Airplane!,1980,https://boxd.it/29yu
2024-11-15,Look Back,2024,https://boxd.it/LjA6
2024-11-18,Scary Movie 3,2003,https://boxd.it/24Be
2024-11-18,The Addams Family: The Musical,2010,https://boxd.it/wd5G
2024-11-19,Scary Movie 4,2006,https://boxd.it/24B4
